{"spot_diameter_fullres": 177.43096067628426, "tissue_hires_scalef": 0.08250825, "fiducial_diameter_fullres": 286.6192441693823, "tissue_lowres_scalef": 0.024752475}